{"data_time": 0.011120830999999498, "eta_seconds": 139.8103005599978, "fast_rcnn/cls_accuracy": 0.1328125, "fast_rcnn/false_negative": 0.21666666666666667, "fast_rcnn/fg_cls_accuracy": 0.0, "iteration": 19, "loss_box_reg": 0.2820150554180145, "loss_cls": 1.9548825025558472, "loss_rpn_cls": 0.014349475502967834, "loss_rpn_loc": 0.005046456819400191, "lr": 9.740499999999999e-05, "rank_data_time": 0.011120830999999498, "roi_head/num_bg_samples": 118.0, "roi_head/num_fg_samples": 10.0, "rpn/num_neg_anchors": 253.0, "rpn/num_pos_anchors": 3.0, "time": 0.29127145949999544, "total_loss": 2.241493789246306}
{"data_time": 0.008639202000040314, "eta_seconds": 133.0179854100004, "fast_rcnn/cls_accuracy": 0.89453125, "fast_rcnn/false_negative": 1.0, "fast_rcnn/fg_cls_accuracy": 0.0, "iteration": 39, "loss_box_reg": 0.39649245142936707, "loss_cls": 0.5599740594625473, "loss_rpn_cls": 0.014378950465470552, "loss_rpn_loc": 0.004741722950711846, "lr": 0.00019730500000000002, "rank_data_time": 0.008639202000040314, "roi_head/num_bg_samples": 114.5, "roi_head/num_fg_samples": 13.5, "rpn/num_neg_anchors": 252.0, "rpn/num_pos_anchors": 4.0, "time": 0.28810396400001537, "total_loss": 0.9874979513697326}
{"data_time": 0.011694662499991182, "eta_seconds": 127.86030421999726, "fast_rcnn/cls_accuracy": 0.890625, "fast_rcnn/false_negative": 1.0, "fast_rcnn/fg_cls_accuracy": 0.0, "iteration": 59, "loss_box_reg": 0.416011244058609, "loss_cls": 0.33775389194488525, "loss_rpn_cls": 0.007088589947670698, "loss_rpn_loc": 0.003699735156260431, "lr": 0.000297205, "rank_data_time": 0.011694662499991182, "roi_head/num_bg_samples": 113.0, "roi_head/num_fg_samples": 15.0, "rpn/num_neg_anchors": 252.5, "rpn/num_pos_anchors": 3.5, "time": 0.2934642515000121, "total_loss": 0.7457098588929512}
{"data_time": 0.006181145999960336, "eta_seconds": 122.73559431000706, "fast_rcnn/cls_accuracy": 0.94921875, "fast_rcnn/false_negative": 0.2613851992409867, "fast_rcnn/fg_cls_accuracy": 0.7386148007590133, "iteration": 79, "loss_box_reg": 0.46590639650821686, "loss_cls": 0.18068286776542664, "loss_rpn_cls": 0.00667300377972424, "loss_rpn_loc": 0.004468535538762808, "lr": 0.00039710500000000003, "rank_data_time": 0.006181145999960336, "roi_head/num_bg_samples": 111.0, "roi_head/num_fg_samples": 17.0, "rpn/num_neg_anchors": 252.5, "rpn/num_pos_anchors": 3.5, "time": 0.29817323800003237, "total_loss": 0.6674761028261855}
{"data_time": 0.005812637999980552, "eta_seconds": 116.89104220000672, "fast_rcnn/cls_accuracy": 0.95703125, "fast_rcnn/false_negative": 0.13664596273291924, "fast_rcnn/fg_cls_accuracy": 0.8633540372670807, "iteration": 99, "loss_box_reg": 0.4018549621105194, "loss_cls": 0.11565865948796272, "loss_rpn_cls": 0.004555433057248592, "loss_rpn_loc": 0.004401865880936384, "lr": 0.000497005, "rank_data_time": 0.005812637999980552, "roi_head/num_bg_samples": 109.25, "roi_head/num_fg_samples": 18.75, "rpn/num_neg_anchors": 252.5, "rpn/num_pos_anchors": 3.5, "time": 0.2935988925000004, "total_loss": 0.5300671144977969}
{"data_time": 0.005640554499990458, "eta_seconds": 111.18388269999286, "fast_rcnn/cls_accuracy": 0.96875, "fast_rcnn/false_negative": 0.04159519725557462, "fast_rcnn/fg_cls_accuracy": 0.9584048027444254, "iteration": 119, "loss_box_reg": 0.30307862162590027, "loss_cls": 0.07788043096661568, "loss_rpn_cls": 0.0024065952748060226, "loss_rpn_loc": 0.004736935952678323, "lr": 0.000596905, "rank_data_time": 0.005640554499990458, "roi_head/num_bg_samples": 107.25, "roi_head/num_fg_samples": 20.75, "rpn/num_neg_anchors": 252.75, "rpn/num_pos_anchors": 3.25, "time": 0.2982103514999892, "total_loss": 0.4059739136137068}
{"data_time": 0.005964911500001335, "eta_seconds": 106.04094390000796, "fast_rcnn/cls_accuracy": 0.97265625, "fast_rcnn/false_negative": 0.10102040816326531, "fast_rcnn/fg_cls_accuracy": 0.8989795918367347, "iteration": 139, "loss_box_reg": 0.23163888603448868, "loss_cls": 0.07418511062860489, "loss_rpn_cls": 0.004209469771012664, "loss_rpn_loc": 0.006030867341905832, "lr": 0.0006968050000000001, "rank_data_time": 0.005964911500001335, "roi_head/num_bg_samples": 110.75, "roi_head/num_fg_samples": 17.25, "rpn/num_neg_anchors": 251.5, "rpn/num_pos_anchors": 4.5, "time": 0.3080355350000161, "total_loss": 0.3143043702002615}
{"data_time": 0.008728519000015922, "eta_seconds": 100.44222148999381, "fast_rcnn/cls_accuracy": 0.98828125, "fast_rcnn/false_negative": 0.0, "fast_rcnn/fg_cls_accuracy": 1.0, "iteration": 159, "loss_box_reg": 0.1828535869717598, "loss_cls": 0.04532068409025669, "loss_rpn_cls": 0.002809341764077544, "loss_rpn_loc": 0.003002160578034818, "lr": 0.0007967050000000001, "rank_data_time": 0.008728519000015922, "roi_head/num_bg_samples": 112.5, "roi_head/num_fg_samples": 15.5, "rpn/num_neg_anchors": 252.5, "rpn/num_pos_anchors": 3.5, "time": 0.3021861025000021, "total_loss": 0.2371734416228719}
{"data_time": 0.00840992000001961, "eta_seconds": 94.53083135999805, "fast_rcnn/cls_accuracy": 0.98828125, "fast_rcnn/false_negative": 0.0125, "fast_rcnn/fg_cls_accuracy": 0.9875, "iteration": 179, "loss_box_reg": 0.17458204180002213, "loss_cls": 0.041295742616057396, "loss_rpn_cls": 0.004238288849592209, "loss_rpn_loc": 0.003247027052566409, "lr": 0.000896605, "rank_data_time": 0.00840992000001961, "roi_head/num_bg_samples": 113.5, "roi_head/num_fg_samples": 14.5, "rpn/num_neg_anchors": 253.0, "rpn/num_pos_anchors": 3.0, "time": 0.294116903999992, "total_loss": 0.22909859847277403}
{"data_time": 0.00911541000002103, "eta_seconds": 89.01066360000414, "fast_rcnn/cls_accuracy": 0.98046875, "fast_rcnn/false_negative": 0.05115089514066496, "fast_rcnn/fg_cls_accuracy": 0.948849104859335, "iteration": 199, "loss_box_reg": 0.22113144397735596, "loss_cls": 0.057886844500899315, "loss_rpn_cls": 0.003749912022612989, "loss_rpn_loc": 0.004121493780985475, "lr": 0.000996505, "rank_data_time": 0.00911541000002103, "roi_head/num_bg_samples": 110.5, "roi_head/num_fg_samples": 17.5, "rpn/num_neg_anchors": 252.0, "rpn/num_pos_anchors": 4.0, "time": 0.30794694800002276, "total_loss": 0.26646092627197504}
{"data_time": 0.011668804499976204, "eta_seconds": 83.49260191999974, "fast_rcnn/cls_accuracy": 0.98828125, "fast_rcnn/false_negative": 0.0494047619047619, "fast_rcnn/fg_cls_accuracy": 0.950595238095238, "iteration": 219, "loss_box_reg": 0.18539801239967346, "loss_cls": 0.04237307049334049, "loss_rpn_cls": 0.0005450361350085586, "loss_rpn_loc": 0.0037456252612173557, "lr": 0.001096405, "rank_data_time": 0.011668804499976204, "roi_head/num_bg_samples": 112.75, "roi_head/num_fg_samples": 15.25, "rpn/num_neg_anchors": 252.75, "rpn/num_pos_anchors": 3.25, "time": 0.31534451099997796, "total_loss": 0.2304477725410834}
{"data_time": 0.012178881999972191, "eta_seconds": 77.86479674999441, "fast_rcnn/cls_accuracy": 0.98046875, "fast_rcnn/false_negative": 0.036375661375661374, "fast_rcnn/fg_cls_accuracy": 0.9636243386243386, "iteration": 239, "loss_box_reg": 0.21141216158866882, "loss_cls": 0.046374451369047165, "loss_rpn_cls": 0.0011999411508440971, "loss_rpn_loc": 0.004210878862068057, "lr": 0.001196305, "rank_data_time": 0.012178881999972191, "roi_head/num_bg_samples": 110.5, "roi_head/num_fg_samples": 17.5, "rpn/num_neg_anchors": 252.5, "rpn/num_pos_anchors": 3.5, "time": 0.3085771199999954, "total_loss": 0.27457959059393033}
{"data_time": 0.008842826000005743, "eta_seconds": 72.38454036000348, "fast_rcnn/cls_accuracy": 0.982421875, "fast_rcnn/false_negative": 0.024390243902439025, "fast_rcnn/fg_cls_accuracy": 0.975609756097561, "iteration": 259, "loss_box_reg": 0.19536485522985458, "loss_cls": 0.05357963219285011, "loss_rpn_cls": 0.0003573668218450621, "loss_rpn_loc": 0.0035697217099368572, "lr": 0.001296205, "rank_data_time": 0.008842826000005743, "roi_head/num_bg_samples": 108.5, "roi_head/num_fg_samples": 19.5, "rpn/num_neg_anchors": 252.25, "rpn/num_pos_anchors": 3.75, "time": 0.31779696850003347, "total_loss": 0.26194623130504624}
{"data_time": 0.01242077749998316,